col1,LIG,col3,col4,Amino_acid,Molecule,Value
501,LIG,PG,125,LYS,NZ,3.7115955352783203
501,LIG,PG,343,TYR,OH,3.669400215148926
501,LIG,O1G,343,TYR,CE2,3.4277355670928955
501,LIG,O1G,343,TYR,CZ,3.4471383094787598
501,LIG,O1G,343,TYR,OH,2.6039204597473145
501,LIG,O1G,343,TYR,CE2,3.4277355670928955
501,LIG,O1G,343,TYR,CZ,3.4471383094787598
501,LIG,O1G,343,TYR,OH,2.6039204597473145
501,LIG,O2G,343,TYR,OH,3.9255077838897705
501,LIG,O2G,343,TYR,OH,3.9255077838897705
501,LIG,O2G,125,LYS,CE,3.263942003250122
501,LIG,O2G,125,LYS,NZ,3.508026123046875
501,LIG,O2G,172,GLU,OE2,3.8510680198669434
501,LIG,O2G,343,TYR,OH,3.9255077838897705
501,LIG,O3G,125,LYS,CE,3.776350259780884
501,LIG,O3G,125,LYS,NZ,2.9832279682159424
501,LIG,O3G,122,SER,O,3.828216075897217
501,LIG,O3G,125,LYS,CE,3.776350259780884
501,LIG,O3G,125,LYS,NZ,2.9832279682159424
501,LIG,PB,125,LYS,CB,3.9765138626098633
501,LIG,PB,125,LYS,NZ,3.6893482208251953
501,LIG,PB,125,LYS,NZ,3.6893482208251953
501,LIG,PB,124,GLY,N,3.7758169174194336
501,LIG,PB,125,LYS,N,3.5538535118103027
501,LIG,PB,125,LYS,CB,3.9765138626098633
501,LIG,PB,125,LYS,NZ,3.6893482208251953
501,LIG,PB,126,THR,N,3.9978535175323486
501,LIG,O1B,125,LYS,CB,3.491251230239868
501,LIG,O1B,126,THR,OG1,3.1514339447021484
501,LIG,O1B,125,LYS,N,3.568054437637329
501,LIG,O1B,125,LYS,CA,3.7909746170043945
501,LIG,O1B,125,LYS,C,3.795419216156006
501,LIG,O1B,125,LYS,CB,3.491251230239868
501,LIG,O1B,126,THR,N,2.8760740756988525
501,LIG,O1B,126,THR,CA,3.7039430141448975
501,LIG,O1B,126,THR,CB,3.3657591342926025
501,LIG,O1B,126,THR,OG1,3.1514339447021484
501,LIG,O1B,125,LYS,N,3.568054437637329
501,LIG,O1B,125,LYS,CA,3.7909746170043945
501,LIG,O1B,125,LYS,C,3.795419216156006
501,LIG,O1B,125,LYS,CB,3.491251230239868
501,LIG,O1B,126,THR,N,2.8760740756988525
501,LIG,O1B,126,THR,CA,3.7039430141448975
501,LIG,O1B,126,THR,CB,3.3657591342926025
501,LIG,O1B,126,THR,OG1,3.1514339447021484
501,LIG,O2B,125,LYS,CB,3.563530206680298
501,LIG,O2B,125,LYS,CE,3.4357309341430664
501,LIG,O2B,125,LYS,NZ,2.735992193222046
501,LIG,O2B,122,SER,C,3.9941554069519043
501,LIG,O2B,122,SER,O,3.6261024475097656
501,LIG,O2B,125,LYS,CE,3.4357309341430664
501,LIG,O2B,125,LYS,NZ,2.735992193222046
501,LIG,O2B,122,SER,O,3.6261024475097656
501,LIG,O2B,123,SER,CA,3.223628520965576
501,LIG,O2B,123,SER,C,3.314591407775879
501,LIG,O2B,124,GLY,N,3.0791492462158203
501,LIG,O2B,124,GLY,CA,3.995720386505127
501,LIG,O2B,124,GLY,C,3.975093126296997
501,LIG,O2B,125,LYS,N,3.060724973678589
501,LIG,O2B,125,LYS,CA,3.887615442276001
501,LIG,O2B,125,LYS,CB,3.563530206680298
501,LIG,O2B,125,LYS,CG,3.556105613708496
501,LIG,O2B,125,LYS,CE,3.4357309341430664
501,LIG,O2B,125,LYS,NZ,2.735992193222046
501,LIG,O2B,124,GLY,N,3.0791492462158203
501,LIG,O2B,124,GLY,CA,3.995720386505127
501,LIG,O2B,124,GLY,C,3.975093126296997
501,LIG,O2B,125,LYS,N,3.060724973678589
501,LIG,O2B,125,LYS,CA,3.887615442276001
501,LIG,O2B,125,LYS,CB,3.563530206680298
501,LIG,O2B,125,LYS,CG,3.556105613708496
501,LIG,O2B,125,LYS,CE,3.4357309341430664
501,LIG,O2B,125,LYS,NZ,2.735992193222046
501,LIG,O2B,122,SER,C,3.9941554069519043
501,LIG,O2B,122,SER,O,3.6261024475097656
501,LIG,O2B,123,SER,N,3.8502073287963867
501,LIG,O2B,123,SER,CA,3.223628520965576
501,LIG,O2B,123,SER,C,3.314591407775879
501,LIG,O2B,124,GLY,N,3.0791492462158203
501,LIG,O2B,124,GLY,CA,3.995720386505127
501,LIG,O2B,124,GLY,C,3.975093126296997
501,LIG,O2B,125,LYS,N,3.060724973678589
501,LIG,O2B,125,LYS,CA,3.887615442276001
501,LIG,O2B,125,LYS,CB,3.563530206680298
501,LIG,O2B,125,LYS,CG,3.556105613708496
501,LIG,O2B,125,LYS,CE,3.4357309341430664
501,LIG,O2B,125,LYS,NZ,2.735992193222046
501,LIG,O3B,343,TYR,CE2,3.878918409347534
501,LIG,O3B,343,TYR,CE2,3.878918409347534
501,LIG,PA,327,ARG,NE,3.938469886779785
501,LIG,O1A,124,GLY,N,3.7603683471679688
501,LIG,O1A,124,GLY,CA,3.270484447479248
501,LIG,O1A,124,GLY,C,3.3736660480499268
501,LIG,O1A,125,LYS,N,3.710758686065674
501,LIG,O1A,126,THR,N,3.5205440521240234
501,LIG,O1A,126,THR,CA,3.893927812576294
501,LIG,O1A,126,THR,CB,3.8639214038848877
501,LIG,O1A,124,GLY,N,3.7603683471679688
501,LIG,O1A,124,GLY,CA,3.270484447479248
501,LIG,O1A,124,GLY,C,3.3736660480499268
501,LIG,O1A,125,LYS,N,3.710758686065674
501,LIG,O1A,126,THR,N,3.5205440521240234
501,LIG,O1A,126,THR,CA,3.893927812576294
501,LIG,O1A,126,THR,C,3.8139796257019043
501,LIG,O1A,126,THR,CB,3.8639214038848877
501,LIG,O1A,127,THR,N,2.8680548667907715
501,LIG,O1A,124,GLY,N,3.7603683471679688
501,LIG,O1A,124,GLY,CA,3.270484447479248
501,LIG,O1A,124,GLY,C,3.3736660480499268
501,LIG,O1A,125,LYS,N,3.710758686065674
501,LIG,O1A,126,THR,N,3.5205440521240234
501,LIG,O1A,124,GLY,N,3.7603683471679688
501,LIG,O1A,124,GLY,CA,3.270484447479248
501,LIG,O1A,124,GLY,C,3.3736660480499268
501,LIG,O1A,125,LYS,N,3.710758686065674
501,LIG,O1A,126,THR,N,3.5205440521240234
501,LIG,O1A,126,THR,CA,3.893927812576294
501,LIG,O1A,126,THR,C,3.8139796257019043
501,LIG,O1A,126,THR,CB,3.8639214038848877
501,LIG,O1A,127,THR,N,2.8680548667907715
501,LIG,O1A,127,THR,CB,3.3438191413879395
501,LIG,O1A,127,THR,OG1,2.9045655727386475
501,LIG,O1A,124,GLY,N,3.7603683471679688
501,LIG,O1A,124,GLY,CA,3.270484447479248
501,LIG,O1A,124,GLY,C,3.3736660480499268
501,LIG,O1A,124,GLY,O,3.8263542652130127
501,LIG,O1A,125,LYS,N,3.710758686065674
501,LIG,O1A,126,THR,N,3.5205440521240234
501,LIG,O1A,126,THR,CA,3.893927812576294
501,LIG,O1A,126,THR,C,3.8139796257019043
501,LIG,O1A,126,THR,CB,3.8639214038848877
501,LIG,O1A,127,THR,N,2.8680548667907715
501,LIG,O1A,127,THR,CA,3.666369676589966
501,LIG,O1A,127,THR,CB,3.3438191413879395
501,LIG,O1A,127,THR,OG1,2.9045655727386475
501,LIG,O2A,126,THR,OG1,3.924792766571045
501,LIG,O2A,126,THR,CB,3.427605628967285
501,LIG,O2A,126,THR,OG1,3.924792766571045
501,LIG,O2A,126,THR,CB,3.427605628967285
501,LIG,O2A,126,THR,OG1,3.924792766571045
501,LIG,O2A,327,ARG,NH2,2.9279422760009766
501,LIG,O2A,327,ARG,NH2,2.9279422760009766
501,LIG,O2A,343,TYR,CE2,3.936065912246704
501,LIG,O2A,126,THR,CB,3.427605628967285
501,LIG,O2A,126,THR,OG1,3.924792766571045
501,LIG,O2A,327,ARG,CG,3.9972457885742188
501,LIG,O2A,327,ARG,CD,3.9320380687713623
501,LIG,O2A,327,ARG,NE,2.759875774383545
501,LIG,O2A,327,ARG,CZ,3.2571358680725098
501,LIG,O2A,327,ARG,NH2,2.9279422760009766
501,LIG,O2A,343,TYR,CE2,3.936065912246704
501,LIG,O2A,126,THR,CB,3.427605628967285
501,LIG,O2A,126,THR,OG1,3.924792766571045
501,LIG,O2A,327,ARG,CG,3.9972457885742188
501,LIG,O2A,327,ARG,NE,2.759875774383545
501,LIG,O2A,126,THR,CB,3.427605628967285
501,LIG,O2A,126,THR,OG1,3.924792766571045
501,LIG,O2A,327,ARG,CG,3.9972457885742188
501,LIG,O2A,327,ARG,CD,3.9320380687713623
501,LIG,O2A,327,ARG,NE,2.759875774383545
501,LIG,O2A,327,ARG,CZ,3.2571358680725098
501,LIG,O2A,327,ARG,NH2,2.9279422760009766
501,LIG,O2A,343,TYR,CE2,3.936065912246704
501,LIG,O3A,124,GLY,N,3.072322130203247
501,LIG,O3A,124,GLY,CA,3.608813762664795
501,LIG,O3A,124,GLY,C,3.9188804626464844
501,LIG,O3A,125,LYS,N,3.5916624069213867
501,LIG,O3A,124,GLY,N,3.072322130203247
501,LIG,O3A,124,GLY,CA,3.608813762664795
501,LIG,O3A,124,GLY,C,3.9188804626464844
501,LIG,O3A,125,LYS,N,3.5916624069213867
501,LIG,O3A,124,GLY,N,3.072322130203247
501,LIG,O3A,124,GLY,CA,3.608813762664795
501,LIG,O3A,124,GLY,C,3.9188804626464844
501,LIG,O3A,125,LYS,N,3.5916624069213867
501,LIG,O3A,124,GLY,N,3.072322130203247
501,LIG,O3A,124,GLY,CA,3.608813762664795
501,LIG,O3A,124,GLY,C,3.9188804626464844
501,LIG,O3A,125,LYS,N,3.5916624069213867
501,LIG,O3A,124,GLY,N,3.072322130203247
501,LIG,O3A,124,GLY,CA,3.608813762664795
501,LIG,O3A,124,GLY,C,3.9188804626464844
501,LIG,O3A,125,LYS,N,3.5916624069213867
501,LIG,O3A,124,GLY,N,3.072322130203247
501,LIG,O3A,124,GLY,CA,3.608813762664795
501,LIG,O3A,124,GLY,C,3.9188804626464844
501,LIG,O3A,125,LYS,N,3.5916624069213867
501,LIG,C5',343,TYR,CD2,3.9789319038391113
501,LIG,C5',343,TYR,CD2,3.9789319038391113
501,LIG,C5',343,TYR,CD2,3.9789319038391113
501,LIG,C5',343,TYR,CD2,3.9789319038391113
501,LIG,C5',344,ASN,OD1,3.622171401977539
501,LIG,C4',344,ASN,OD1,3.413661479949951
501,LIG,C4',344,ASN,OD1,3.413661479949951
501,LIG,C3',344,ASN,OD1,3.9919979572296143
501,LIG,C3',344,ASN,OD1,3.9919979572296143
501,LIG,C3',344,ASN,OD1,3.9919979572296143
501,LIG,C3',344,ASN,OD1,3.9919979572296143
501,LIG,O3',344,ASN,OD1,3.4580135345458984
501,LIG,O3',344,ASN,OD1,3.4580135345458984
501,LIG,O3',344,ASN,OD1,3.4580135345458984
501,LIG,O3',341,ASP,OD1,3.7804107666015625
501,LIG,O3',344,ASN,OD1,3.4580135345458984
501,LIG,O3',341,ASP,OD1,3.7804107666015625
501,LIG,O3',344,ASN,OD1,3.4580135345458984
501,LIG,O2',349,SER,OG,3.4836833477020264
501,LIG,O2',349,SER,OG,3.4836833477020264
501,LIG,O2',349,SER,CB,3.9056267738342285
501,LIG,O2',349,SER,OG,3.4836833477020264
501,LIG,C8,124,GLY,N,3.868612289428711
501,LIG,C8,124,GLY,CA,3.8265225887298584
501,LIG,C8,124,GLY,N,3.868612289428711
501,LIG,C8,124,GLY,CA,3.8265225887298584
501,LIG,C8,124,GLY,N,3.868612289428711
501,LIG,C8,124,GLY,CA,3.8265225887298584
501,LIG,C8,124,GLY,N,3.868612289428711
501,LIG,C8,124,GLY,CA,3.8265225887298584
501,LIG,C8,124,GLY,N,3.868612289428711
501,LIG,C8,124,GLY,CA,3.8265225887298584
501,LIG,C8,124,GLY,N,3.868612289428711
501,LIG,C8,124,GLY,CA,3.8265225887298584
501,LIG,C8,124,GLY,N,3.868612289428711
501,LIG,C8,124,GLY,CA,3.8265225887298584
501,LIG,C8,124,GLY,N,3.868612289428711
501,LIG,C8,124,GLY,N,3.868612289428711
501,LIG,C8,124,GLY,CA,3.8265225887298584
501,LIG,C8,124,GLY,N,3.868612289428711
501,LIG,C8,124,GLY,CA,3.8265225887298584
501,LIG,C8,296,ASN,ND2,3.8157875537872314
501,LIG,N7,124,GLY,N,3.6361021995544434
501,LIG,N7,124,GLY,CA,3.371887683868408
501,LIG,N7,124,GLY,N,3.6361021995544434
501,LIG,N7,124,GLY,CA,3.371887683868408
501,LIG,N7,124,GLY,N,3.6361021995544434
501,LIG,N7,124,GLY,CA,3.371887683868408
501,LIG,N7,124,GLY,N,3.6361021995544434
501,LIG,N7,124,GLY,CA,3.371887683868408
501,LIG,N7,124,GLY,N,3.6361021995544434
501,LIG,N7,124,GLY,CA,3.371887683868408
501,LIG,N7,124,GLY,N,3.6361021995544434
501,LIG,N7,124,GLY,CA,3.371887683868408
501,LIG,N7,124,GLY,N,3.6361021995544434
501,LIG,N7,124,GLY,CA,3.371887683868408
501,LIG,N7,124,GLY,N,3.6361021995544434
501,LIG,N7,124,GLY,N,3.6361021995544434
501,LIG,N7,124,GLY,CA,3.371887683868408
501,LIG,N7,292,HIS,CB,3.946061372756958
501,LIG,N7,124,GLY,N,3.6361021995544434
501,LIG,N7,124,GLY,CA,3.371887683868408
501,LIG,N7,292,HIS,CB,3.946061372756958
501,LIG,N7,296,ASN,CG,3.730117082595825
501,LIG,N7,296,ASN,OD1,3.6982622146606445
501,LIG,N7,296,ASN,ND2,2.91784930229187
501,LIG,N7,124,GLY,N,3.6361021995544434
501,LIG,N7,124,GLY,CA,3.371887683868408
501,LIG,N7,292,HIS,CB,3.946061372756958
501,LIG,N7,296,ASN,CG,3.730117082595825
501,LIG,N7,296,ASN,OD1,3.6982622146606445
501,LIG,N7,296,ASN,ND2,2.91784930229187
501,LIG,C5,124,GLY,N,3.80482816696167
501,LIG,C5,124,GLY,CA,3.9388608932495117
501,LIG,C5,124,GLY,N,3.80482816696167
501,LIG,C5,124,GLY,CA,3.9388608932495117
501,LIG,C5,123,SER,CB,3.904219627380371
501,LIG,C5,124,GLY,N,3.80482816696167
501,LIG,C5,124,GLY,CA,3.9388608932495117
501,LIG,C5,124,GLY,N,3.80482816696167
501,LIG,C5,124,GLY,CA,3.9388608932495117
501,LIG,C5,124,GLY,N,3.80482816696167
501,LIG,C5,124,GLY,CA,3.9388608932495117
501,LIG,C5,123,SER,CB,3.904219627380371
501,LIG,C5,124,GLY,N,3.80482816696167
501,LIG,C5,124,GLY,CA,3.9388608932495117
501,LIG,C5,124,GLY,N,3.80482816696167
501,LIG,C5,124,GLY,CA,3.9388608932495117
501,LIG,C5,123,SER,CB,3.904219627380371
501,LIG,C5,124,GLY,N,3.80482816696167
501,LIG,C5,123,SER,CB,3.904219627380371
501,LIG,C5,123,SER,CB,3.904219627380371
501,LIG,C5,124,GLY,N,3.80482816696167
501,LIG,C5,124,GLY,CA,3.9388608932495117
501,LIG,C5,292,HIS,CB,3.6537911891937256
501,LIG,C5,292,HIS,CG,3.9112348556518555
501,LIG,C5,123,SER,CB,3.904219627380371
501,LIG,C5,124,GLY,N,3.80482816696167
501,LIG,C5,124,GLY,CA,3.9388608932495117
501,LIG,C5,292,HIS,CB,3.6537911891937256
501,LIG,C5,296,ASN,ND2,3.9567697048187256
501,LIG,C5,123,SER,CB,3.904219627380371
501,LIG,C5,124,GLY,N,3.80482816696167
501,LIG,C5,124,GLY,CA,3.9388608932495117
501,LIG,C5,292,HIS,CB,3.6537911891937256
501,LIG,C5,292,HIS,CG,3.9112348556518555
501,LIG,C5,296,ASN,ND2,3.9567697048187256
501,LIG,C5,123,SER,CB,3.904219627380371
501,LIG,C5,124,GLY,N,3.80482816696167
501,LIG,C5,124,GLY,CA,3.9388608932495117
501,LIG,C5,292,HIS,CB,3.6537911891937256
501,LIG,C5,292,HIS,CG,3.9112348556518555
501,LIG,C5,296,ASN,ND2,3.9567697048187256
501,LIG,C6,123,SER,CB,3.9552524089813232
501,LIG,C6,123,SER,CB,3.9552524089813232
501,LIG,C6,123,SER,CB,3.9552524089813232
501,LIG,C6,123,SER,CB,3.9552524089813232
501,LIG,C6,123,SER,CB,3.9552524089813232
501,LIG,C6,292,HIS,CB,3.7129781246185303
501,LIG,C6,292,HIS,CG,3.6569156646728516
501,LIG,C6,123,SER,CB,3.9552524089813232
501,LIG,C6,292,HIS,CB,3.7129781246185303
501,LIG,C6,123,SER,CB,3.9552524089813232
501,LIG,C6,292,HIS,CB,3.7129781246185303
501,LIG,C6,292,HIS,CG,3.6569156646728516
501,LIG,C6,123,SER,CB,3.9552524089813232
501,LIG,C6,292,HIS,CB,3.7129781246185303
501,LIG,C6,292,HIS,CG,3.6569156646728516
501,LIG,C6,292,HIS,ND1,3.6805527210235596
501,LIG,C6,123,SER,CB,3.9552524089813232
501,LIG,C6,292,HIS,CB,3.7129781246185303
501,LIG,C6,292,HIS,CG,3.6569156646728516
501,LIG,C6,292,HIS,ND1,3.6805527210235596
501,LIG,N6,296,ASN,OD1,3.3632864952087402
501,LIG,N6,292,HIS,O,3.939171314239502
501,LIG,N6,296,ASN,OD1,3.3632864952087402
501,LIG,N6,292,HIS,O,3.939171314239502
501,LIG,N6,292,HIS,ND1,3.919275999069214
501,LIG,N6,296,ASN,OD1,3.3632864952087402
501,LIG,N6,197,ASN,ND2,3.671523332595825
501,LIG,N6,292,HIS,O,3.939171314239502
501,LIG,N6,292,HIS,ND1,3.919275999069214
501,LIG,N6,296,ASN,OD1,3.3632864952087402
501,LIG,N6,197,ASN,ND2,3.671523332595825
501,LIG,N6,292,HIS,O,3.939171314239502
501,LIG,N6,292,HIS,ND1,3.919275999069214
501,LIG,N6,296,ASN,OD1,3.3632864952087402
501,LIG,N1,123,SER,CB,3.682950973510742
501,LIG,N1,123,SER,CB,3.682950973510742
501,LIG,N1,123,SER,CB,3.682950973510742
501,LIG,N1,123,SER,CB,3.682950973510742
501,LIG,N1,123,SER,CB,3.682950973510742
501,LIG,N1,292,HIS,CG,3.6437015533447266
501,LIG,N1,292,HIS,CD2,3.941678762435913
501,LIG,N1,123,SER,CB,3.682950973510742
501,LIG,N1,123,SER,CB,3.682950973510742
501,LIG,N1,292,HIS,CG,3.6437015533447266
501,LIG,N1,123,SER,CB,3.682950973510742
501,LIG,N1,292,HIS,CG,3.6437015533447266
501,LIG,N1,292,HIS,ND1,3.432016372680664
501,LIG,N1,292,HIS,CD2,3.941678762435913
501,LIG,N1,123,SER,CB,3.682950973510742
501,LIG,N1,292,HIS,CG,3.6437015533447266
501,LIG,N1,292,HIS,ND1,3.432016372680664
501,LIG,N1,292,HIS,CD2,3.941678762435913
501,LIG,N1,292,HIS,CE1,3.6294333934783936
501,LIG,N1,292,HIS,NE2,3.924034595489502
501,LIG,N1,123,SER,CB,3.682950973510742
501,LIG,N1,292,HIS,CG,3.6437015533447266
501,LIG,N1,292,HIS,ND1,3.432016372680664
501,LIG,N1,292,HIS,CE1,3.6294333934783936
501,LIG,N1,123,SER,CB,3.682950973510742
501,LIG,N1,292,HIS,CG,3.6437015533447266
501,LIG,N1,292,HIS,ND1,3.432016372680664
501,LIG,N1,292,HIS,CD2,3.941678762435913
501,LIG,N1,292,HIS,CE1,3.6294333934783936
501,LIG,N1,292,HIS,NE2,3.924034595489502
501,LIG,C2,123,SER,CB,3.418466091156006
501,LIG,C2,123,SER,CB,3.418466091156006
501,LIG,C2,123,SER,CB,3.418466091156006
501,LIG,C2,123,SER,OG,3.8422605991363525
501,LIG,C2,123,SER,CB,3.418466091156006
501,LIG,C2,123,SER,CB,3.418466091156006
501,LIG,C2,123,SER,OG,3.8422605991363525
501,LIG,C2,292,HIS,CG,3.8925018310546875
501,LIG,C2,292,HIS,CD2,3.726630210876465
501,LIG,C2,123,SER,CB,3.418466091156006
501,LIG,C2,123,SER,CB,3.418466091156006
501,LIG,C2,292,HIS,CG,3.8925018310546875
501,LIG,C2,123,SER,CB,3.418466091156006
501,LIG,C2,292,HIS,CG,3.8925018310546875
501,LIG,C2,292,HIS,ND1,3.89656662940979
501,LIG,C2,292,HIS,CD2,3.726630210876465
501,LIG,C2,123,SER,CB,3.418466091156006
501,LIG,C2,292,HIS,CG,3.8925018310546875
501,LIG,C2,292,HIS,ND1,3.89656662940979
501,LIG,C2,292,HIS,CD2,3.726630210876465
501,LIG,C2,292,HIS,CE1,3.753502368927002
501,LIG,C2,292,HIS,NE2,3.636258602142334
501,LIG,C2,123,SER,CB,3.418466091156006
501,LIG,C2,292,HIS,CG,3.8925018310546875
501,LIG,C2,292,HIS,ND1,3.89656662940979
501,LIG,C2,292,HIS,CE1,3.753502368927002
501,LIG,C2,123,SER,CB,3.418466091156006
501,LIG,C2,123,SER,OG,3.8422605991363525
501,LIG,C2,292,HIS,CG,3.8925018310546875
501,LIG,C2,292,HIS,ND1,3.89656662940979
501,LIG,C2,292,HIS,CD2,3.726630210876465
501,LIG,C2,292,HIS,CE1,3.753502368927002
501,LIG,C2,292,HIS,NE2,3.636258602142334
501,LIG,C2,123,SER,CB,3.418466091156006
501,LIG,C2,123,SER,OG,3.8422605991363525
501,LIG,C2,292,HIS,CG,3.8925018310546875
501,LIG,C2,292,HIS,ND1,3.89656662940979
501,LIG,C2,292,HIS,CD2,3.726630210876465
501,LIG,C2,292,HIS,CE1,3.753502368927002
501,LIG,C2,292,HIS,NE2,3.636258602142334
501,LIG,N3,123,SER,CB,3.3357160091400146
501,LIG,N3,123,SER,CB,3.3357160091400146
501,LIG,N3,123,SER,CB,3.3357160091400146
501,LIG,N3,123,SER,OG,3.7753407955169678
501,LIG,N3,123,SER,CB,3.3357160091400146
501,LIG,N3,123,SER,CB,3.3357160091400146
501,LIG,N3,123,SER,OG,3.7753407955169678
501,LIG,N3,292,HIS,CD2,3.7999415397644043
501,LIG,N3,123,SER,CB,3.3357160091400146
501,LIG,N3,123,SER,CB,3.3357160091400146
501,LIG,N3,123,SER,CB,3.3357160091400146
501,LIG,N3,292,HIS,CD2,3.7999415397644043
501,LIG,N3,123,SER,CB,3.3357160091400146
501,LIG,N3,292,HIS,CD2,3.7999415397644043
501,LIG,N3,123,SER,CB,3.3357160091400146
501,LIG,N3,123,SER,CB,3.3357160091400146
501,LIG,N3,123,SER,OG,3.7753407955169678
501,LIG,N3,292,HIS,CD2,3.7999415397644043
501,LIG,N3,123,SER,CB,3.3357160091400146
501,LIG,N3,123,SER,OG,3.7753407955169678
501,LIG,N3,292,HIS,CD2,3.7999415397644043
501,LIG,N3,123,SER,CB,3.3357160091400146
501,LIG,N3,123,SER,OG,3.7753407955169678
501,LIG,N3,292,HIS,CD2,3.7999415397644043
501,LIG,C4,123,SER,CB,3.5391035079956055
501,LIG,C4,123,SER,CB,3.5391035079956055
501,LIG,C4,123,SER,CB,3.5391035079956055
501,LIG,C4,123,SER,CB,3.5391035079956055
501,LIG,C4,123,SER,CB,3.5391035079956055
501,LIG,C4,123,SER,CB,3.5391035079956055
501,LIG,C4,123,SER,CB,3.5391035079956055
501,LIG,C4,123,SER,CB,3.5391035079956055
501,LIG,C4,123,SER,CB,3.5391035079956055
501,LIG,C4,123,SER,CB,3.5391035079956055
501,LIG,C4,123,SER,CB,3.5391035079956055
501,LIG,C4,123,SER,CB,3.5391035079956055
501,LIG,C4,123,SER,CB,3.5391035079956055
501,LIG,C4,123,SER,CB,3.5391035079956055
